"SampleID","Study","Blank","Duplicates","Group","Station","Season","Year","Lake","Depth","Fraction"
"Fa13.BD.MLB.DN.1.renamed","LakeMichigan","no","Fa13.BD.MLB.DN","Estuary","Buoy","Fall","2013","Muskegon","Deep","Free"
"Fa13.BD.MLB.SN.1.renamed","LakeMichigan","no","Fa13.BD.MLB.SN","Estuary","Buoy","Fall","2013","Muskegon","Top","Free"
"Fa13.BD.MM110.DN.1.renamed","LakeMichigan","no","Fa13.BD.MM110.DN","Laurentian","Far","Fall","2013","Michigan","Deep","Free"
"Fa13.BD.MM110.DN.2.renamed","LakeMichigan","no","Fa13.BD.MM110.DN","Laurentian","Far","Fall","2013","Michigan","Deep","Free"
"Fa13.BD.MM110.SD.1.renamed","LakeMichigan","no","Fa13.BD.MM110.SD","Laurentian","Far","Fall","2013","Michigan","Top","Free"
"Fa13.BD.MM110.SD.2.renamed","LakeMichigan","no","Fa13.BD.MM110.SD","Laurentian","Far","Fall","2013","Michigan","Top","Free"
"Fa13.BD.MM110.SN.1.renamed","LakeMichigan","no","Fa13.BD.MM110.SN","Laurentian","Far","Fall","2013","Michigan","Top","Free"
"Fa13.BD.MM110.SN.2.renamed","LakeMichigan","no","Fa13.BD.MM110.SN","Laurentian","Far","Fall","2013","Michigan","Top","Free"
"Fa13.BD.MM15.DN.1.renamed","LakeMichigan","no","Fa13.BD.MM15.DN","Laurentian","Shore","Fall","2013","Michigan","Deep","Free"
"Fa13.BD.MM15.DN.2.renamed","LakeMichigan","no","Fa13.BD.MM15.DN","Laurentian","Shore","Fall","2013","Michigan","Deep","Free"
"Fa13.BD.MM15.SD.1.renamed","LakeMichigan","no","Fa13.BD.MM15.SD","Laurentian","Shore","Fall","2013","Michigan","Top","Free"
"Fa13.BD.MM15.SD.2.renamed","LakeMichigan","no","Fa13.BD.MM15.SD","Laurentian","Shore","Fall","2013","Michigan","Top","Free"
"Fa13.BD.MM15.SN.1.renamed","LakeMichigan","no","Fa13.BD.MM15.SN","Laurentian","Shore","Fall","2013","Michigan","Top","Free"
"Fa13.BD.MM15.SN.2.renamed","LakeMichigan","no","Fa13.BD.MM15.SN","Laurentian","Shore","Fall","2013","Michigan","Top","Free"
"Fa13.BcD.MLB.DN.1","LakeMichigan","no","Fa13.BcD.MLB.DN","Estuary","Buoy","Fall","2013","Muskegon","Deep","cFree"
"Fa13.BcD.MLB.SN.1","LakeMichigan","no","Fa13.BcD.MLB.SN","Estuary","Buoy","Fall","2013","Muskegon","Top","cFree"
"Fa13.BcD.MM110.DN.1","LakeMichigan","no","Fa13.BcD.MM110.DN","Laurentian","Far","Fall","2013","Michigan","Deep","cFree"
"Fa13.BcD.MM110.DN.2","LakeMichigan","no","Fa13.BcD.MM110.DN","Laurentian","Far","Fall","2013","Michigan","Deep","cFree"
"Fa13.BcD.MM110.SD.1","LakeMichigan","no","Fa13.BcD.MM110.SD","Laurentian","Far","Fall","2013","Michigan","Top","cFree"
"Fa13.BcD.MM110.SD.2","LakeMichigan","no","Fa13.BcD.MM110.SD","Laurentian","Far","Fall","2013","Michigan","Top","cFree"
"Fa13.BcD.MM110.SN.1","LakeMichigan","no","Fa13.BcD.MM110.SN","Laurentian","Far","Fall","2013","Michigan","Top","cFree"
"Fa13.BcD.MM110.SN.2","LakeMichigan","no","Fa13.BcD.MM110.SN","Laurentian","Far","Fall","2013","Michigan","Top","cFree"
"Fa13.BcD.MM15.DN.1","LakeMichigan","no","Fa13.BcD.MM15.DN","Laurentian","Shore","Fall","2013","Michigan","Deep","cFree"
"Fa13.BcD.MM15.DN.2","LakeMichigan","no","Fa13.BcD.MM15.DN","Laurentian","Shore","Fall","2013","Michigan","Deep","cFree"
"Fa13.BcD.MM15.SD.1","LakeMichigan","no","Fa13.BcD.MM15.SD","Laurentian","Shore","Fall","2013","Michigan","Top","cFree"
"Fa13.BcD.MM15.SD.2","LakeMichigan","no","Fa13.BcD.MM15.SD","Laurentian","Shore","Fall","2013","Michigan","Top","cFree"
"Fa13.BcD.MM15.SN.1","LakeMichigan","no","Fa13.BcD.MM15.SN","Laurentian","Shore","Fall","2013","Michigan","Top","cFree"
"Fa13.BcD.MM15.SN.2","LakeMichigan","no","Fa13.BcD.MM15.SN","Laurentian","Shore","Fall","2013","Michigan","Top","cFree"
"Fa13.ED.MLB.DN.1.renamed","LakeMichigan","no","Fa13.ED.MLB.DN","Estuary","Buoy","Fall","2013","Muskegon","Deep","Particle"
"Fa13.ED.MLB.DN.2.renamed","LakeMichigan","no","Fa13.ED.MLB.DN","Estuary","Buoy","Fall","2013","Muskegon","Deep","Particle"
"Fa13.ED.MLB.SN.1.renamed","LakeMichigan","no","Fa13.ED.MLB.SN","Estuary","Buoy","Fall","2013","Muskegon","Top","Particle"
"Fa13.ED.MLB.SN.2.renamed","LakeMichigan","no","Fa13.ED.MLB.SN","Estuary","Buoy","Fall","2013","Muskegon","Top","Particle"
"Fa13.ED.MM110.DN.1.renamed","LakeMichigan","no","Fa13.ED.MM110.DN","Laurentian","Far","Fall","2013","Michigan","Deep","Particle"
"Fa13.ED.MM110.DN.2.renamed","LakeMichigan","no","Fa13.ED.MM110.DN","Laurentian","Far","Fall","2013","Michigan","Deep","Particle"
"Fa13.ED.MM110.SD.1.renamed","LakeMichigan","no","Fa13.ED.MM110.SD","Laurentian","Far","Fall","2013","Michigan","Top","Particle"
"Fa13.ED.MM110.SD.2.renamed","LakeMichigan","no","Fa13.ED.MM110.SD","Laurentian","Far","Fall","2013","Michigan","Top","Particle"
"Fa13.ED.MM110.SN.1.renamed","LakeMichigan","no","Fa13.ED.MM110.SN","Laurentian","Far","Fall","2013","Michigan","Top","Particle"
"Fa13.ED.MM110.SN.2.renamed","LakeMichigan","no","Fa13.ED.MM110.SN","Laurentian","Far","Fall","2013","Michigan","Top","Particle"
"Fa13.ED.MM15.DN.1.renamed","LakeMichigan","no","Fa13.ED.MM15.DN","Laurentian","Shore","Fall","2013","Michigan","Deep","Particle"
"Fa13.ED.MM15.DN.2.renamed","LakeMichigan","no","Fa13.ED.MM15.DN","Laurentian","Shore","Fall","2013","Michigan","Deep","Particle"
"Fa13.ED.MM15.SD.1.renamed","LakeMichigan","no","Fa13.ED.MM15.SD","Laurentian","Shore","Fall","2013","Michigan","Top","Particle"
"Fa13.ED.MM15.SD.2.renamed","LakeMichigan","no","Fa13.ED.MM15.SD","Laurentian","Shore","Fall","2013","Michigan","Top","Particle"
"Fa13.ED.MM15.SN.1.renamed","LakeMichigan","no","Fa13.ED.MM15.SN","Laurentian","Shore","Fall","2013","Michigan","Top","Particle"
"Fa13.ED.MM15.SN.2.renamed","LakeMichigan","no","Fa13.ED.MM15.SN","Laurentian","Shore","Fall","2013","Michigan","Top","Particle"
"Fa13.EcD.MLB.DN.1","LakeMichigan","no","Fa13.EcD.MLB.DN","Estuary","Buoy","Fall","2013","Muskegon","Deep","cParticle"
"Fa13.EcD.MLB.DN.2","LakeMichigan","no","Fa13.EcD.MLB.DN","Estuary","Buoy","Fall","2013","Muskegon","Deep","cParticle"
"Fa13.EcD.MLB.SN.2","LakeMichigan","no","Fa13.EcD.MLB.SN","Estuary","Buoy","Fall","2013","Muskegon","Top","cParticle"
"Fa13.EcD.MM110.DN.1","LakeMichigan","no","Fa13.EcD.MM110.DN","Laurentian","Far","Fall","2013","Michigan","Deep","cParticle"
"Fa13.EcD.MM110.DN.2","LakeMichigan","no","Fa13.EcD.MM110.DN","Laurentian","Far","Fall","2013","Michigan","Deep","cParticle"
"Fa13.EcD.MM110.SD.1","LakeMichigan","no","Fa13.EcD.MM110.SD","Laurentian","Far","Fall","2013","Michigan","Top","cParticle"
"Fa13.EcD.MM110.SD.2","LakeMichigan","no","Fa13.EcD.MM110.SD","Laurentian","Far","Fall","2013","Michigan","Top","cParticle"
"Fa13.EcD.MM110.SN.1","LakeMichigan","no","Fa13.EcD.MM110.SN","Laurentian","Far","Fall","2013","Michigan","Top","cParticle"
"Fa13.EcD.MM110.SN.2","LakeMichigan","no","Fa13.EcD.MM110.SN","Laurentian","Far","Fall","2013","Michigan","Top","cParticle"
"Fa13.EcD.MM15.DN.1","LakeMichigan","no","Fa13.EcD.MM15.DN","Laurentian","Shore","Fall","2013","Michigan","Deep","cParticle"
"Fa13.EcD.MM15.DN.2","LakeMichigan","no","Fa13.EcD.MM15.DN","Laurentian","Shore","Fall","2013","Michigan","Deep","cParticle"
"Fa13.EcD.MM15.SD.1","LakeMichigan","no","Fa13.EcD.MM15.SD","Laurentian","Shore","Fall","2013","Michigan","Top","cParticle"
"Fa13.EcD.MM15.SD.2","LakeMichigan","no","Fa13.EcD.MM15.SD","Laurentian","Shore","Fall","2013","Michigan","Top","cParticle"
"Fa13.EcD.MM15.SN.1","LakeMichigan","no","Fa13.EcD.MM15.SN","Laurentian","Shore","Fall","2013","Michigan","Top","cParticle"
"Fa13.EcD.MM15.SN.2","LakeMichigan","no","Fa13.EcD.MM15.SN","Laurentian","Shore","Fall","2013","Michigan","Top","cParticle"
"Sp13.BD.MLB.SN.1.renamed","LakeMichigan","no","Sp13.BD.MLB.SN","Estuary","Buoy","Spring","2013","Muskegon","Top","Free"
"Sp13.BD.MLB.SN.2.renamed","LakeMichigan","no","Sp13.BD.MLB.SN","Estuary","Buoy","Spring","2013","Muskegon","Top","Free"
"Sp13.BD.MM110.DD.1.renamed","LakeMichigan","no","Sp13.BD.MM110.DD","Laurentian","Far","Spring","2013","Michigan","Deep","Free"
"Sp13.BD.MM110.SD.1.renamed","LakeMichigan","no","Sp13.BD.MM110.SD","Laurentian","Far","Spring","2013","Michigan","Top","Free"
"Sp13.BD.MM110.SD.2.renamed","LakeMichigan","no","Sp13.BD.MM110.SD","Laurentian","Far","Spring","2013","Michigan","Top","Free"
"Sp13.BD.MM110.SN.1.renamed","LakeMichigan","no","Sp13.BD.MM110.SN","Laurentian","Far","Spring","2013","Michigan","Top","Free"
"Sp13.BD.MM110.SN.2.renamed","LakeMichigan","no","Sp13.BD.MM110.SN","Laurentian","Far","Spring","2013","Michigan","Top","Free"
"Sp13.BD.MM15.DD.1.renamed","LakeMichigan","no","Sp13.BD.MM15.DD","Laurentian","Shore","Spring","2013","Michigan","Deep","Free"
"Sp13.BD.MM15.SD.1.renamed","LakeMichigan","no","Sp13.BD.MM15.SD","Laurentian","Shore","Spring","2013","Michigan","Top","Free"
"Sp13.BD.MM15.SN.1.renamed","LakeMichigan","no","Sp13.BD.MM15.SN","Laurentian","Shore","Spring","2013","Michigan","Top","Free"
"Sp13.BD.MM15.SN.2.renamed","LakeMichigan","no","Sp13.BD.MM15.SN","Laurentian","Shore","Spring","2013","Michigan","Top","Free"
"Sp13.BcD.MLB.SN.1","LakeMichigan","no","Sp13.BcD.MLB.SN","Estuary","Buoy","Spring","2013","Muskegon","Top","cFree"
"Sp13.BcD.MLB.SN.2","LakeMichigan","no","Sp13.BcD.MLB.SN","Estuary","Buoy","Spring","2013","Muskegon","Top","cFree"
"Sp13.BcD.MM110.DD.1","LakeMichigan","no","Sp13.BcD.MM110.DD","Laurentian","Far","Spring","2013","Michigan","Deep","cFree"
"Sp13.BcD.MM110.DD.2","LakeMichigan","no","Sp13.BcD.MM110.DD","Laurentian","Far","Spring","2013","Michigan","Deep","cFree"
"Sp13.BcD.MM110.SD.1","LakeMichigan","no","Sp13.BcD.MM110.SD","Laurentian","Far","Spring","2013","Michigan","Top","cFree"
"Sp13.BcD.MM110.SD.2","LakeMichigan","no","Sp13.BcD.MM110.SD","Laurentian","Far","Spring","2013","Michigan","Top","cFree"
"Sp13.BcD.MM110.SN.1","LakeMichigan","no","Sp13.BcD.MM110.SN","Laurentian","Far","Spring","2013","Michigan","Top","cFree"
"Sp13.BcD.MM110.SN.2","LakeMichigan","no","Sp13.BcD.MM110.SN","Laurentian","Far","Spring","2013","Michigan","Top","cFree"
"Sp13.BcD.MM15.DD.1","LakeMichigan","no","Sp13.BcD.MM15.DD","Laurentian","Shore","Spring","2013","Michigan","Deep","cFree"
"Sp13.BcD.MM15.DD.2","LakeMichigan","no","Sp13.BcD.MM15.DD","Laurentian","Shore","Spring","2013","Michigan","Deep","cFree"
"Sp13.BcD.MM15.SD.1","LakeMichigan","no","Sp13.BcD.MM15.SD","Laurentian","Shore","Spring","2013","Michigan","Top","cFree"
"Sp13.BcD.MM15.SD.2","LakeMichigan","no","Sp13.BcD.MM15.SD","Laurentian","Shore","Spring","2013","Michigan","Top","cFree"
"Sp13.BcD.MM15.SN.1","LakeMichigan","no","Sp13.BcD.MM15.SN","Laurentian","Shore","Spring","2013","Michigan","Top","cFree"
"Sp13.BcD.MM15.SN.2","LakeMichigan","no","Sp13.BcD.MM15.SN","Laurentian","Shore","Spring","2013","Michigan","Top","cFree"
"Sp13.ED.MLB.SN.1.renamed","LakeMichigan","no","Sp13.ED.MLB.SN","Estuary","Buoy","Spring","2013","Muskegon","Top","Particle"
"Sp13.ED.MM110.DD.2.renamed","LakeMichigan","no","Sp13.ED.MM110.DD","Laurentian","Far","Spring","2013","Michigan","Deep","Particle"
"Sp13.ED.MM110.SD.1.renamed","LakeMichigan","no","Sp13.ED.MM110.SD","Laurentian","Far","Spring","2013","Michigan","Top","Particle"
"Sp13.ED.MM110.SD.2.renamed","LakeMichigan","no","Sp13.ED.MM110.SD","Laurentian","Far","Spring","2013","Michigan","Top","Particle"
"Sp13.ED.MM110.SN.1.renamed","LakeMichigan","no","Sp13.ED.MM110.SN","Laurentian","Far","Spring","2013","Michigan","Top","Particle"
"Sp13.ED.MM15.DD.1.renamed","LakeMichigan","no","Sp13.ED.MM15.DD","Laurentian","Shore","Spring","2013","Michigan","Deep","Particle"
"Sp13.ED.MM15.DD.2.renamed","LakeMichigan","no","Sp13.ED.MM15.DD","Laurentian","Shore","Spring","2013","Michigan","Deep","Particle"
"Sp13.ED.MM15.SD.1.renamed","LakeMichigan","no","Sp13.ED.MM15.SD","Laurentian","Shore","Spring","2013","Michigan","Top","Particle"
"Sp13.ED.MM15.SD.2.renamed","LakeMichigan","no","Sp13.ED.MM15.SD","Laurentian","Shore","Spring","2013","Michigan","Top","Particle"
"Sp13.ED.MM15.SN.2.renamed","LakeMichigan","no","Sp13.ED.MM15.SN","Laurentian","Shore","Spring","2013","Michigan","Top","Particle"
"Sp13.EcD.MLB.SN.1","LakeMichigan","no","Sp13.EcD.MLB.SN","Estuary","Buoy","Spring","2013","Muskegon","Top","cParticle"
"Sp13.EcD.MLB.SN.2","LakeMichigan","no","Sp13.EcD.MLB.SN","Estuary","Buoy","Spring","2013","Muskegon","Top","cParticle"
"Sp13.EcD.MM110.DD.1","LakeMichigan","no","Sp13.EcD.MM110.DD","Laurentian","Far","Spring","2013","Michigan","Deep","cParticle"
"Sp13.EcD.MM110.DD.2","LakeMichigan","no","Sp13.EcD.MM110.DD","Laurentian","Far","Spring","2013","Michigan","Deep","cParticle"
"Sp13.EcD.MM110.SD.1","LakeMichigan","no","Sp13.EcD.MM110.SD","Laurentian","Far","Spring","2013","Michigan","Top","cParticle"
"Sp13.EcD.MM110.SD.2","LakeMichigan","no","Sp13.EcD.MM110.SD","Laurentian","Far","Spring","2013","Michigan","Top","cParticle"
"Sp13.EcD.MM110.SN.1","LakeMichigan","no","Sp13.EcD.MM110.SN","Laurentian","Far","Spring","2013","Michigan","Top","cParticle"
"Sp13.EcD.MM110.SN.2","LakeMichigan","no","Sp13.EcD.MM110.SN","Laurentian","Far","Spring","2013","Michigan","Top","cParticle"
"Sp13.EcD.MM15.DD.1","LakeMichigan","no","Sp13.EcD.MM15.DD","Laurentian","Shore","Spring","2013","Michigan","Deep","cParticle"
"Sp13.EcD.MM15.DD.2","LakeMichigan","no","Sp13.EcD.MM15.DD","Laurentian","Shore","Spring","2013","Michigan","Deep","cParticle"
"Sp13.EcD.MM15.SD.1","LakeMichigan","no","Sp13.EcD.MM15.SD","Laurentian","Shore","Spring","2013","Michigan","Top","cParticle"
"Sp13.EcD.MM15.SD.2","LakeMichigan","no","Sp13.EcD.MM15.SD","Laurentian","Shore","Spring","2013","Michigan","Top","cParticle"
"Sp13.EcD.MM15.SN.1","LakeMichigan","no","Sp13.EcD.MM15.SN","Laurentian","Shore","Spring","2013","Michigan","Top","cParticle"
"Sp13.EcD.MM15.SN.2","LakeMichigan","no","Sp13.EcD.MM15.SN","Laurentian","Shore","Spring","2013","Michigan","Top","cParticle"
"Su13.BD.MLB.DD.1.renamed","LakeMichigan","no","Su13.BD.MLB.DD","Estuary","Buoy","Summer","2013","Muskegon","Deep","Free"
"Su13.BD.MLB.SD.1.renamed","LakeMichigan","no","Su13.BD.MLB.SD","Estuary","Buoy","Summer","2013","Muskegon","Top","Free"
"Su13.BD.MM110.DCMD.1.renamed","LakeMichigan","no","Su13.BD.MM110.DCMD","Laurentian","Far","Summer","2013","Michigan","DCM","Free"
"Su13.BD.MM110.DCMD.2.renamed","LakeMichigan","no","Su13.BD.MM110.DCMD","Laurentian","Far","Summer","2013","Michigan","DCM","Free"
"Su13.BD.MM110.DN.1.renamed","LakeMichigan","no","Su13.BD.MM110.DN","Laurentian","Far","Summer","2013","Michigan","Deep","Free"
"Su13.BD.MM110.DN.2.renamed","LakeMichigan","no","Su13.BD.MM110.DN","Laurentian","Far","Summer","2013","Michigan","Deep","Free"
"Su13.BD.MM110.SD.1.renamed","LakeMichigan","no","Su13.BD.MM110.SD","Laurentian","Far","Summer","2013","Michigan","Top","Free"
"Su13.BD.MM110.SD.2.renamed","LakeMichigan","no","Su13.BD.MM110.SD","Laurentian","Far","Summer","2013","Michigan","Top","Free"
"Su13.BD.MM110.SN.1.renamed","LakeMichigan","no","Su13.BD.MM110.SN","Laurentian","Far","Summer","2013","Michigan","Top","Free"
"Su13.BD.MM110.SN.2.renamed","LakeMichigan","no","Su13.BD.MM110.SN","Laurentian","Far","Summer","2013","Michigan","Top","Free"
"Su13.BD.MM15.DN.1.renamed","LakeMichigan","no","Su13.BD.MM15.DN","Laurentian","Shore","Summer","2013","Michigan","Deep","Free"
"Su13.BD.MM15.DN.2.renamed","LakeMichigan","no","Su13.BD.MM15.DN","Laurentian","Shore","Summer","2013","Michigan","Deep","Free"
"Su13.BD.MM15.SD.1.renamed","LakeMichigan","no","Su13.BD.MM15.SD","Laurentian","Shore","Summer","2013","Michigan","Top","Free"
"Su13.BD.MM15.SD.2.renamed","LakeMichigan","no","Su13.BD.MM15.SD","Laurentian","Shore","Summer","2013","Michigan","Top","Free"
"Su13.BD.MM15.SN.1.renamed","LakeMichigan","no","Su13.BD.MM15.SN","Laurentian","Shore","Summer","2013","Michigan","Top","Free"
"Su13.BD.MM15.SN.2.renamed","LakeMichigan","no","Su13.BD.MM15.SN","Laurentian","Shore","Summer","2013","Michigan","Top","Free"
"Su13.BcD.MLB.DD.1","LakeMichigan","no","Su13.BcD.MLB.DD","Estuary","Buoy","Summer","2013","Muskegon","Deep","cFree"
"Su13.BcD.MLB.SD.1","LakeMichigan","no","Su13.BcD.MLB.SD","Estuary","Buoy","Summer","2013","Muskegon","Top","cFree"
"Su13.BcD.MM110.DCMD.1","LakeMichigan","no","Su13.BcD.MM110.DCMD","Laurentian","Far","Summer","2013","Michigan","DCM","cFree"
"Su13.BcD.MM110.DCMD.2","LakeMichigan","no","Su13.BcD.MM110.DCMD","Laurentian","Far","Summer","2013","Michigan","DCM","cFree"
"Su13.BcD.MM110.DN.1","LakeMichigan","no","Su13.BcD.MM110.DN","Laurentian","Far","Summer","2013","Michigan","Deep","cFree"
"Su13.BcD.MM110.DN.2","LakeMichigan","no","Su13.BcD.MM110.DN","Laurentian","Far","Summer","2013","Michigan","Deep","cFree"
"Su13.BcD.MM110.SD.1","LakeMichigan","no","Su13.BcD.MM110.SD","Laurentian","Far","Summer","2013","Michigan","Top","cFree"
"Su13.BcD.MM110.SD.2","LakeMichigan","no","Su13.BcD.MM110.SD","Laurentian","Far","Summer","2013","Michigan","Top","cFree"
"Su13.BcD.MM110.SN.1","LakeMichigan","no","Su13.BcD.MM110.SN","Laurentian","Far","Summer","2013","Michigan","Top","cFree"
"Su13.BcD.MM110.SN.2","LakeMichigan","no","Su13.BcD.MM110.SN","Laurentian","Far","Summer","2013","Michigan","Top","cFree"
"Su13.BcD.MM15.DN.1","LakeMichigan","no","Su13.BcD.MM15.DN","Laurentian","Shore","Summer","2013","Michigan","Deep","cFree"
"Su13.BcD.MM15.DN.2","LakeMichigan","no","Su13.BcD.MM15.DN","Laurentian","Shore","Summer","2013","Michigan","Deep","cFree"
"Su13.BcD.MM15.SD.1","LakeMichigan","no","Su13.BcD.MM15.SD","Laurentian","Shore","Summer","2013","Michigan","Top","cFree"
"Su13.BcD.MM15.SD.2","LakeMichigan","no","Su13.BcD.MM15.SD","Laurentian","Shore","Summer","2013","Michigan","Top","cFree"
"Su13.BcD.MM15.SN.1","LakeMichigan","no","Su13.BcD.MM15.SN","Laurentian","Shore","Summer","2013","Michigan","Top","cFree"
"Su13.BcD.MM15.SN.2","LakeMichigan","no","Su13.BcD.MM15.SN","Laurentian","Shore","Summer","2013","Michigan","Top","cFree"
"Su13.ED.MLB.DD.1.renamed","LakeMichigan","no","Su13.ED.MLB.DD","Estuary","Buoy","Summer","2013","Muskegon","Deep","Particle"
"Su13.ED.MLB.DD.2.renamed","LakeMichigan","no","Su13.ED.MLB.DD","Estuary","Buoy","Summer","2013","Muskegon","Deep","Particle"
"Su13.ED.MLB.SD.1.renamed","LakeMichigan","no","Su13.ED.MLB.SD","Estuary","Buoy","Summer","2013","Muskegon","Top","Particle"
"Su13.ED.MLB.SD.2.renamed","LakeMichigan","no","Su13.ED.MLB.SD","Estuary","Buoy","Summer","2013","Muskegon","Top","Particle"
"Su13.ED.MM110.DCMD.1.renamed","LakeMichigan","no","Su13.ED.MM110.DCMD","Laurentian","Far","Summer","2013","Michigan","DCM","Particle"
"Su13.ED.MM110.DCMD.2.renamed","LakeMichigan","no","Su13.ED.MM110.DCMD","Laurentian","Far","Summer","2013","Michigan","DCM","Particle"
"Su13.ED.MM110.SD.1.renamed","LakeMichigan","no","Su13.ED.MM110.SD","Laurentian","Far","Summer","2013","Michigan","Top","Particle"
"Su13.ED.MM110.SD.2.renamed","LakeMichigan","no","Su13.ED.MM110.SD","Laurentian","Far","Summer","2013","Michigan","Top","Particle"
"Su13.ED.MM110.SN.1.renamed","LakeMichigan","no","Su13.ED.MM110.SN","Laurentian","Far","Summer","2013","Michigan","Top","Particle"
"Su13.ED.MM110.SN.2.renamed","LakeMichigan","no","Su13.ED.MM110.SN","Laurentian","Far","Summer","2013","Michigan","Top","Particle"
"Su13.ED.MM15.DN.1.renamed","LakeMichigan","no","Su13.ED.MM15.DN","Laurentian","Shore","Summer","2013","Michigan","Deep","Particle"
"Su13.ED.MM15.DN.2.renamed","LakeMichigan","no","Su13.ED.MM15.DN","Laurentian","Shore","Summer","2013","Michigan","Deep","Particle"
"Su13.ED.MM15.SD.1.renamed","LakeMichigan","no","Su13.ED.MM15.SD","Laurentian","Shore","Summer","2013","Michigan","Top","Particle"
"Su13.ED.MM15.SD.2.renamed","LakeMichigan","no","Su13.ED.MM15.SD","Laurentian","Shore","Summer","2013","Michigan","Top","Particle"
"Su13.ED.MM15.SN.1.renamed","LakeMichigan","no","Su13.ED.MM15.SN","Laurentian","Shore","Summer","2013","Michigan","Top","Particle"
"Su13.ED.MM15.SN.2.renamed","LakeMichigan","no","Su13.ED.MM15.SN","Laurentian","Shore","Summer","2013","Michigan","Top","Particle"
"Su13.EcD.MLB.DD.1","LakeMichigan","no","Su13.EcD.MLB.DD","Estuary","Buoy","Summer","2013","Muskegon","Deep","cParticle"
"Su13.EcD.MLB.DD.2","LakeMichigan","no","Su13.EcD.MLB.DD","Estuary","Buoy","Summer","2013","Muskegon","Deep","cParticle"
"Su13.EcD.MLB.SD.1","LakeMichigan","no","Su13.EcD.MLB.SD","Estuary","Buoy","Summer","2013","Muskegon","Top","cParticle"
"Su13.EcD.MLB.SD.2","LakeMichigan","no","Su13.EcD.MLB.SD","Estuary","Buoy","Summer","2013","Muskegon","Top","cParticle"
"Su13.EcD.MM110.DCMD.1","LakeMichigan","no","Su13.EcD.MM110.DCMD","Laurentian","Far","Summer","2013","Michigan","DCM","cParticle"
"Su13.EcD.MM110.DCMD.2","LakeMichigan","no","Su13.EcD.MM110.DCMD","Laurentian","Far","Summer","2013","Michigan","DCM","cParticle"
"Su13.EcD.MM110.DN.1","LakeMichigan","no","Su13.EcD.MM110.DN","Laurentian","Far","Summer","2013","Michigan","Deep","cParticle"
"Su13.EcD.MM110.DN.2","LakeMichigan","no","Su13.EcD.MM110.DN","Laurentian","Far","Summer","2013","Michigan","Deep","cParticle"
"Su13.EcD.MM110.SD.1","LakeMichigan","no","Su13.EcD.MM110.SD","Laurentian","Far","Summer","2013","Michigan","Top","cParticle"
"Su13.EcD.MM110.SD.2","LakeMichigan","no","Su13.EcD.MM110.SD","Laurentian","Far","Summer","2013","Michigan","Top","cParticle"
"Su13.EcD.MM110.SN.1","LakeMichigan","no","Su13.EcD.MM110.SN","Laurentian","Far","Summer","2013","Michigan","Top","cParticle"
"Su13.EcD.MM110.SN.2","LakeMichigan","no","Su13.EcD.MM110.SN","Laurentian","Far","Summer","2013","Michigan","Top","cParticle"
"Su13.EcD.MM15.DN.1","LakeMichigan","no","Su13.EcD.MM15.DN","Laurentian","Shore","Summer","2013","Michigan","Deep","cParticle"
"Su13.EcD.MM15.DN.2","LakeMichigan","no","Su13.EcD.MM15.DN","Laurentian","Shore","Summer","2013","Michigan","Deep","cParticle"
"Su13.EcD.MM15.SD.1","LakeMichigan","no","Su13.EcD.MM15.SD","Laurentian","Shore","Summer","2013","Michigan","Top","cParticle"
"Su13.EcD.MM15.SD.2","LakeMichigan","no","Su13.EcD.MM15.SD","Laurentian","Shore","Summer","2013","Michigan","Top","cParticle"
"Su13.EcD.MM15.SN.1","LakeMichigan","no","Su13.EcD.MM15.SN","Laurentian","Shore","Summer","2013","Michigan","Top","cParticle"
"Su13.EcD.MM15.SN.2","LakeMichigan","no","Su13.EcD.MM15.SN","Laurentian","Shore","Summer","2013","Michigan","Top","cParticle"
"MBR1.S.714","Muskegon","no","MBR1.S.714","Estuary","Bear","Summer","2014","Muskegon","Sediment","Sediment"
"MBR1.S.914","Muskegon","no","MBR1.S.914","Estuary","Bear","Fall","2014","Muskegon","Sediment","Sediment"
"MBR2.S.714","Muskegon","no","MBR2.S.714","Estuary","Bear","Summer","2014","Muskegon","Sediment","Sediment"
"MBR2.S.914","Muskegon","no","MBR2.S.914","Estuary","Bear","Fall","2014","Muskegon","Sediment","Sediment"
"MBRE1.F.714","Muskegon","no","MBRE1.F.714","Estuary","Bear","Summer","2014","Muskegon","Top","Free"
"MBRE1.F.914","Muskegon","no","MBRE1.F.914","Estuary","Bear","Fall","2014","Muskegon","Top","Free"
"MBRE1.P.714","Muskegon","no","MBRE1.P.714","Estuary","Bear","Summer","2014","Muskegon","Top","Particle"
"MBRE1.P.914","Muskegon","no","MBRE1.P.914","Estuary","Bear","Fall","2014","Muskegon","Top","Particle"
"MBRE2.F.714","Muskegon","no","MBRE2.F.714","Estuary","Bear","Summer","2014","Muskegon","Top","Free"
"MBRE2.F.914","Muskegon","no","MBRE2.F.914","Estuary","Bear","Fall","2014","Muskegon","Top","Free"
"MBRE2.P.714","Muskegon","no","MBRE2.P.714","Estuary","Bear","Summer","2014","Muskegon","Top","Particle"
"MBRE2.P.914","Muskegon","no","MBRE2.P.914","Estuary","Bear","Fall","2014","Muskegon","Top","Particle"
"MBRH1.F.714","Muskegon","no","MBRH1.F.714","Estuary","Bear","Summer","2014","Muskegon","Bottom","Free"
"MBRH1.F.914","Muskegon","no","MBRH1.F.914","Estuary","Bear","Fall","2014","Muskegon","Bottom","Free"
"MBRH1.P.714","Muskegon","no","MBRH1.P.714","Estuary","Bear","Summer","2014","Muskegon","Bottom","Particle"
"MBRH1.P.914","Muskegon","no","MBRH1.P.914","Estuary","Bear","Fall","2014","Muskegon","Bottom","Particle"
"MBRH2.F.714","Muskegon","no","MBRH2.F.714","Estuary","Bear","Summer","2014","Muskegon","Bottom","Free"
"MBRH2.F.914","Muskegon","no","MBRH2.F.914","Estuary","Bear","Fall","2014","Muskegon","Bottom","Free"
"MBRH2.P.714","Muskegon","no","MBRH2.P.714","Estuary","Bear","Summer","2014","Muskegon","Bottom","Particle"
"MBRH2.P.914","Muskegon","no","MBRH2.P.914","Estuary","Bear","Fall","2014","Muskegon","Bottom","Particle"
"MDP1.S.514","Muskegon","no","MDP1.S.514","Estuary","Deep","Spring","2014","Muskegon","Sediment","Sediment"
"MDP1.S.714","Muskegon","no","MDP1.S.714","Estuary","Deep","Summer","2014","Muskegon","Sediment","Sediment"
"MDP1.S.914","Muskegon","no","MDP1.S.914","Estuary","Deep","Fall","2014","Muskegon","Sediment","Sediment"
"MDP2.S.514","Muskegon","no","MDP2.S.514","Estuary","Deep","Spring","2014","Muskegon","Sediment","Sediment"
"MDP2.S.714","Muskegon","no","MDP2.S.714","Estuary","Deep","Summer","2014","Muskegon","Sediment","Sediment"
"MDP2.S.914","Muskegon","no","MDP2.S.914","Estuary","Deep","Fall","2014","Muskegon","Sediment","Sediment"
"MDPE1.F.514","Muskegon","no","MDPE1.F.514","Estuary","Deep","Spring","2014","Muskegon","Top","Free"
"MDPE1.F.714","Muskegon","no","MDPE1.F.714","Estuary","Deep","Summer","2014","Muskegon","Top","Free"
"MDPE1.F.914","Muskegon","no","MDPE1.F.914","Estuary","Deep","Fall","2014","Muskegon","Top","Free"
"MDPE1.P.514","Muskegon","no","MDPE1.P.514","Estuary","Deep","Spring","2014","Muskegon","Top","Particle"
"MDPE1.P.714","Muskegon","no","MDPE1.P.714","Estuary","Deep","Summer","2014","Muskegon","Top","Particle"
"MDPE1.P.914","Muskegon","no","MDPE1.P.914","Estuary","Deep","Fall","2014","Muskegon","Top","Particle"
"MDPE2.F.514","Muskegon","no","MDPE2.F.514","Estuary","Deep","Spring","2014","Muskegon","Top","Free"
"MDPE2.F.714","Muskegon","no","MDPE2.F.714","Estuary","Deep","Summer","2014","Muskegon","Top","Free"
"MDPE2.F.914","Muskegon","no","MDPE2.F.914","Estuary","Deep","Fall","2014","Muskegon","Top","Free"
"MDPE2.P.714","Muskegon","no","MDPE2.P.714","Estuary","Deep","Summer","2014","Muskegon","Top","Particle"
"MDPE2.P.914","Muskegon","no","MDPE2.P.914","Estuary","Deep","Fall","2014","Muskegon","Top","Particle"
"MDPH1.F.514","Muskegon","no","MDPH1.F.514","Estuary","Deep","Spring","2014","Muskegon","Bottom","Free"
"MDPH1.F.714","Muskegon","no","MDPH1.F.714","Estuary","Deep","Summer","2014","Muskegon","Bottom","Free"
"MDPH1.F.914","Muskegon","no","MDPH1.F.914","Estuary","Deep","Fall","2014","Muskegon","Bottom","Free"
"MDPH1.P.514","Muskegon","no","MDPH1.P.514","Estuary","Deep","Spring","2014","Muskegon","Bottom","Particle"
"MDPH1.P.714","Muskegon","no","MDPH1.P.714","Estuary","Deep","Summer","2014","Muskegon","Bottom","Particle"
"MDPH1.P.914","Muskegon","no","MDPH1.P.914","Estuary","Deep","Fall","2014","Muskegon","Bottom","Particle"
"MDPH2.F.514","Muskegon","no","MDPH2.F.514","Estuary","Deep","Spring","2014","Muskegon","Bottom","Free"
"MDPH2.F.714","Muskegon","no","MDPH2.F.714","Estuary","Deep","Summer","2014","Muskegon","Bottom","Free"
"MDPH2.F.914","Muskegon","no","MDPH2.F.914","Estuary","Deep","Fall","2014","Muskegon","Bottom","Free"
"MDPH2.P.514","Muskegon","no","MDPH2.P.514","Estuary","Deep","Spring","2014","Muskegon","Bottom","Particle"
"MDPH2.P.714","Muskegon","no","MDPH2.P.714","Estuary","Deep","Summer","2014","Muskegon","Bottom","Particle"
"MDPH2.P.914","Muskegon","no","MDPH2.P.914","Estuary","Deep","Fall","2014","Muskegon","Bottom","Particle"
"MIN1.S.514","Muskegon","no","MIN1.S.514","Estuary","Inlet","Spring","2014","Muskegon","Sediment","Sediment"
"MIN1.S.714","Muskegon","no","MIN1.S.714","Estuary","Inlet","Summer","2014","Muskegon","Sediment","Sediment"
"MIN1.S.914","Muskegon","no","MIN1.S.914","Estuary","Inlet","Fall","2014","Muskegon","Sediment","Sediment"
"MIN2.S.514","Muskegon","no","MIN2.S.514","Estuary","Inlet","Spring","2014","Muskegon","Sediment","Sediment"
"MIN2.S.714","Muskegon","no","MIN2.S.714","Estuary","Inlet","Summer","2014","Muskegon","Sediment","Sediment"
"MIN2.S.914","Muskegon","no","MIN2.S.914","Estuary","Inlet","Fall","2014","Muskegon","Sediment","Sediment"
"MINE1.F.514","Muskegon","no","MINE1.F.514","Estuary","Inlet","Spring","2014","Muskegon","Top","Free"
"MINE1.F.714","Muskegon","no","MINE1.F.714","Estuary","Inlet","Summer","2014","Muskegon","Top","Free"
"MINE1.F.914","Muskegon","no","MINE1.F.914","Estuary","Inlet","Fall","2014","Muskegon","Top","Free"
"MINE1.P.514","Muskegon","no","MINE1.P.514","Estuary","Inlet","Spring","2014","Muskegon","Top","Particle"
"MINE1.P.714","Muskegon","no","MINE1.P.714","Estuary","Inlet","Summer","2014","Muskegon","Top","Particle"
"MINE1.P.914","Muskegon","no","MINE1.P.914","Estuary","Inlet","Fall","2014","Muskegon","Top","Particle"
"MINE2.F.514","Muskegon","no","MINE2.F.514","Estuary","Inlet","Spring","2014","Muskegon","Top","Free"
"MINE2.F.714","Muskegon","no","MINE2.F.714","Estuary","Inlet","Summer","2014","Muskegon","Top","Free"
"MINE2.F.914","Muskegon","no","MINE2.F.914","Estuary","Inlet","Fall","2014","Muskegon","Top","Free"
"MINE2.P.714","Muskegon","no","MINE2.P.714","Estuary","Inlet","Summer","2014","Muskegon","Top","Particle"
"MINE2.P.914","Muskegon","no","MINE2.P.914","Estuary","Inlet","Fall","2014","Muskegon","Top","Particle"
"MINH1.F.514","Muskegon","no","MINH1.F.514","Estuary","Inlet","Spring","2014","Muskegon","Bottom","Free"
"MINH1.F.714","Muskegon","no","MINH1.F.714","Estuary","Inlet","Summer","2014","Muskegon","Bottom","Free"
"MINH1.F.914","Muskegon","no","MINH1.F.914","Estuary","Inlet","Fall","2014","Muskegon","Bottom","Free"
"MINH1.P.514","Muskegon","no","MINH1.P.514","Estuary","Inlet","Spring","2014","Muskegon","Bottom","Particle"
"MINH1.P.714","Muskegon","no","MINH1.P.714","Estuary","Inlet","Summer","2014","Muskegon","Bottom","Particle"
"MINH1.P.914","Muskegon","no","MINH1.P.914","Estuary","Inlet","Fall","2014","Muskegon","Bottom","Particle"
"MINH2.F.514","Muskegon","no","MINH2.F.514","Estuary","Inlet","Spring","2014","Muskegon","Bottom","Free"
"MINH2.F.714","Muskegon","no","MINH2.F.714","Estuary","Inlet","Summer","2014","Muskegon","Bottom","Free"
"MINH2.F.914","Muskegon","no","MINH2.F.914","Estuary","Inlet","Fall","2014","Muskegon","Bottom","Free"
"MINH2.P.514","Muskegon","no","MINH2.P.514","Estuary","Inlet","Spring","2014","Muskegon","Bottom","Particle"
"MINH2.P.714","Muskegon","no","MINH2.P.714","Estuary","Inlet","Summer","2014","Muskegon","Bottom","Particle"
"MINH2.P.914","Muskegon","no","MINH2.P.914","Estuary","Inlet","Fall","2014","Muskegon","Bottom","Particle"
"MOT1.S.514","Muskegon","no","MOT1.S.514","Estuary","Outlet","Spring","2014","Muskegon","Sediment","Sediment"
"MOT1.S.714","Muskegon","no","MOT1.S.714","Estuary","Outlet","Summer","2014","Muskegon","Sediment","Sediment"
"MOT1.S.914","Muskegon","no","MOT1.S.914","Estuary","Outlet","Fall","2014","Muskegon","Sediment","Sediment"
"MOT2.S.514","Muskegon","no","MOT2.S.514","Estuary","Outlet","Spring","2014","Muskegon","Sediment","Sediment"
"MOT2.S.714","Muskegon","no","MOT2.S.714","Estuary","Outlet","Summer","2014","Muskegon","Sediment","Sediment"
"MOT2.S.914","Muskegon","no","MOT2.S.914","Estuary","Outlet","Fall","2014","Muskegon","Sediment","Sediment"
"MOTE1.F.514","Muskegon","no","MOTE1.F.514","Estuary","Outlet","Spring","2014","Muskegon","Top","Free"
"MOTE1.F.714","Muskegon","no","MOTE1.F.714","Estuary","Outlet","Summer","2014","Muskegon","Top","Free"
"MOTE1.F.914","Muskegon","no","MOTE1.F.914","Estuary","Outlet","Fall","2014","Muskegon","Top","Free"
"MOTE1.P.514","Muskegon","no","MOTE1.P.514","Estuary","Outlet","Spring","2014","Muskegon","Top","Particle"
"MOTE1.P.714","Muskegon","no","MOTE1.P.714","Estuary","Outlet","Summer","2014","Muskegon","Top","Particle"
"MOTE1.P.914","Muskegon","no","MOTE1.P.914","Estuary","Outlet","Fall","2014","Muskegon","Top","Particle"
"MOTE2.F.514","Muskegon","no","MOTE2.F.514","Estuary","Outlet","Spring","2014","Muskegon","Top","Free"
"MOTE2.F.714","Muskegon","no","MOTE2.F.714","Estuary","Outlet","Summer","2014","Muskegon","Top","Free"
"MOTE2.F.914","Muskegon","no","MOTE2.F.914","Estuary","Outlet","Fall","2014","Muskegon","Top","Free"
"MOTE2.P.714","Muskegon","no","MOTE2.P.714","Estuary","Outlet","Summer","2014","Muskegon","Top","Particle"
"MOTE2.P.914","Muskegon","no","MOTE2.P.914","Estuary","Outlet","Fall","2014","Muskegon","Top","Particle"
"MOTH1.F.514","Muskegon","no","MOTH1.F.514","Estuary","Outlet","Spring","2014","Muskegon","Bottom","Free"
"MOTH1.F.714","Muskegon","no","MOTH1.F.714","Estuary","Outlet","Summer","2014","Muskegon","Bottom","Free"
"MOTH1.F.914","Muskegon","no","MOTH1.F.914","Estuary","Outlet","Fall","2014","Muskegon","Bottom","Free"
"MOTH1.P.514","Muskegon","no","MOTH1.P.514","Estuary","Outlet","Spring","2014","Muskegon","Bottom","Particle"
"MOTH1.P.714","Muskegon","no","MOTH1.P.714","Estuary","Outlet","Summer","2014","Muskegon","Bottom","Particle"
"MOTH1.P.914","Muskegon","no","MOTH1.P.914","Estuary","Outlet","Fall","2014","Muskegon","Bottom","Particle"
"MOTH2.F.514","Muskegon","no","MOTH2.F.514","Estuary","Outlet","Spring","2014","Muskegon","Bottom","Free"
"MOTH2.F.714","Muskegon","no","MOTH2.F.714","Estuary","Outlet","Summer","2014","Muskegon","Bottom","Free"
"MOTH2.F.914","Muskegon","no","MOTH2.F.914","Estuary","Outlet","Fall","2014","Muskegon","Bottom","Free"
"MOTH2.P.514","Muskegon","no","MOTH2.P.514","Estuary","Outlet","Spring","2014","Muskegon","Bottom","Particle"
"MOTH2.P.714","Muskegon","no","MOTH2.P.714","Estuary","Outlet","Summer","2014","Muskegon","Bottom","Particle"
"MOTH2.P.914","Muskegon","no","MOTH2.P.914","Estuary","Outlet","Fall","2014","Muskegon","Bottom","Particle"
"Z14.001.F","Inland","no","Z14.001.F","Inland","Inlet","Summer","2014","Bishop","Top","Free"
"Z14.001.P","Inland","no","Z14.001.P","Inland","Inlet","Summer","2014","Bishop","Top","Particle"
"Z14.002.F","Inland","no","Z14.002.F","Inland","Epi","Summer","2014","Bishop","Top","Free"
"Z14.002.P","Inland","no","Z14.002.P","Inland","Epi","Summer","2014","Bishop","Top","Particle"
"Z14.003.F","Inland","no","Z14.003.F","Inland","Hypo","Summer","2014","Bishop","Bottom","Free"
"Z14.003.P","Inland","no","Z14.003.P","Inland","Hypo","Summer","2014","Bishop","Bottom","Particle"
"Z14.004.F","Inland","no","Z14.004.F","Inland","Outlet","Summer","2014","Bishop","Bottom","Free"
"Z14.004.P","Inland","no","Z14.004.P","Inland","Outlet","Summer","2014","Bishop","Bottom","Particle"
"Z14.005.F","Inland","no","Z14.005.F","Inland","Inlet","Summer","2014","Woodland","Top","Free"
"Z14.005.P","Inland","no","Z14.005.P","Inland","Inlet","Summer","2014","Woodland","Top","Particle"
"Z14.006.F","Inland","no","Z14.006.F","Inland","Epi","Summer","2014","Woodland","Top","Free"
"Z14.006.P","Inland","no","Z14.006.P","Inland","Epi","Summer","2014","Woodland","Top","Particle"
"Z14.007.F","Inland","no","Z14.007.F","Inland","Hypo","Summer","2014","Woodland","Bottom","Free"
"Z14.007.P","Inland","no","Z14.007.P","Inland","Hypo","Summer","2014","Woodland","Bottom","Particle"
"Z14.008.F","Inland","no","Z14.008.F","Inland","Outlet","Summer","2014","Woodland","Bottom","Free"
"Z14.008.P","Inland","no","Z14.008.P","Inland","Outlet","Summer","2014","Woodland","Bottom","Particle"
"Z14.009.F","Inland","no","Z14.009.F","Inland","Inlet","Summer","2014","Big Seven","Top","Free"
"Z14.009.P","Inland","no","Z14.009.P","Inland","Inlet","Summer","2014","Big Seven","Top","Particle"
"Z14.010.F","Inland","no","Z14.010.F","Inland","Epi","Summer","2014","Big Seven","Top","Free"
"Z14.010.P","Inland","no","Z14.010.P","Inland","Epi","Summer","2014","Big Seven","Top","Particle"
"Z14.011.F","Inland","no","Z14.011.F","Inland","Hypo","Summer","2014","Big Seven","Bottom","Free"
"Z14.011.P","Inland","no","Z14.011.P","Inland","Hypo","Summer","2014","Big Seven","Bottom","Particle"
"Z14.012.F","Inland","no","Z14.012.F","Inland","Outlet","Summer","2014","Big Seven","Bottom","Free"
"Z14.012.P","Inland","no","Z14.012.P","Inland","Outlet","Summer","2014","Big Seven","Bottom","Particle"
"Z14.013.F","Inland","no","Z14.013.F","Inland","Inlet","Summer","2014","Heron","Top","Free"
"Z14.013.P","Inland","no","Z14.013.P","Inland","Inlet","Summer","2014","Heron","Top","Particle"
"Z14.014.F","Inland","no","Z14.014.F","Inland","Epi","Summer","2014","Heron","Top","Free"
"Z14.014.P","Inland","no","Z14.014.P","Inland","Epi","Summer","2014","Heron","Top","Particle"
"Z14.015.F1","Inland","no","Z14.015.F1","Inland","Hypo","Summer","2014","Heron","Bottom","Free"
"Z14.015.F2","Inland","no","Z14.015.F2","Inland","Hypo","Summer","2014","Heron","Bottom","Free"
"Z14.015.P","Inland","no","Z14.015.P","Inland","Hypo","Summer","2014","Heron","Bottom","Particle"
"Z14.016.F","Inland","no","Z14.016.F","Inland","Outlet","Summer","2014","Heron","Bottom","Free"
"Z14.016.P","Inland","no","Z14.016.P","Inland","Outlet","Summer","2014","Heron","Bottom","Particle"
"Z14.017.F","Inland","no","Z14.017.F","Inland","Inlet","Summer","2014","Lobdell","Top","Free"
"Z14.017.P","Inland","no","Z14.017.P","Inland","Inlet","Summer","2014","Lobdell","Top","Particle"
"Z14.018.F","Inland","no","Z14.018.F","Inland","Epi","Summer","2014","Lobdell","Top","Free"
"Z14.018.P","Inland","no","Z14.018.P","Inland","Epi","Summer","2014","Lobdell","Top","Particle"
"Z14.019.F","Inland","no","Z14.019.F","Inland","Hypo","Summer","2014","Lobdell","Bottom","Free"
"Z14.019.P","Inland","no","Z14.019.P","Inland","Hypo","Summer","2014","Lobdell","Bottom","Particle"
"Z14.020.F","Inland","no","Z14.020.F","Inland","Outlet","Summer","2014","Lobdell","Bottom","Free"
"Z14.020.P","Inland","no","Z14.020.P","Inland","Outlet","Summer","2014","Lobdell","Bottom","Particle"
"Z14.021.F","Inland","no","Z14.021.F","Inland","Inlet","Summer","2014","North","Top","Free"
"Z14.021.P","Inland","no","Z14.021.P","Inland","Inlet","Summer","2014","North","Top","Particle"
"Z14.022.F","Inland","no","Z14.022.F","Inland","Epi","Summer","2014","North","Top","Free"
"Z14.022.P","Inland","no","Z14.022.P","Inland","Epi","Summer","2014","North","Top","Particle"
"Z14.023.F","Inland","no","Z14.023.F","Inland","Hypo","Summer","2014","North","Bottom","Free"
"Z14.023.P","Inland","no","Z14.023.P","Inland","Hypo","Summer","2014","North","Bottom","Particle"
"Z14.024.F","Inland","no","Z14.024.F","Inland","Outlet","Summer","2014","North","Bottom","Free"
"Z14.024.P","Inland","no","Z14.024.P","Inland","Outlet","Summer","2014","North","Bottom","Particle"
"Z14.025.F","Inland","no","Z14.025.F","Inland","Inlet","Summer","2014","Bruin","Top","Free"
"Z14.025.P","Inland","no","Z14.025.P","Inland","Inlet","Summer","2014","Bruin","Top","Particle"
"Z14.026.F","Inland","no","Z14.026.F","Inland","Epi","Summer","2014","Bruin","Top","Free"
"Z14.026.P","Inland","no","Z14.026.P","Inland","Epi","Summer","2014","Bruin","Top","Particle"
"Z14.027.F","Inland","no","Z14.027.F","Inland","Hypo","Summer","2014","Bruin","Bottom","Free"
"Z14.027.P","Inland","no","Z14.027.P","Inland","Hypo","Summer","2014","Bruin","Bottom","Particle"
"Z14.028.F","Inland","no","Z14.028.F","Inland","Outlet","Summer","2014","Bruin","Bottom","Free"
"Z14.028.P","Inland","no","Z14.028.P","Inland","Outlet","Summer","2014","Bruin","Bottom","Particle"
"Z14.029.F","Inland","no","Z14.029.F","Inland","Inlet","Summer","2014","Halfmoon","Top","Free"
"Z14.029.P","Inland","no","Z14.029.P","Inland","Inlet","Summer","2014","Halfmoon","Top","Particle"
"Z14.030.F","Inland","no","Z14.030.F","Inland","Epi","Summer","2014","Halfmoon","Top","Free"
"Z14.030.P","Inland","no","Z14.030.P","Inland","Epi","Summer","2014","Halfmoon","Top","Particle"
"Z14.031.F","Inland","no","Z14.031.F","Inland","Hypo","Summer","2014","Halfmoon","Bottom","Free"
"Z14.031.P","Inland","no","Z14.031.P","Inland","Hypo","Summer","2014","Halfmoon","Bottom","Particle"
"Z14.032.F","Inland","no","Z14.032.F","Inland","Outlet","Summer","2014","Halfmoon","Bottom","Free"
"Z14.032.P","Inland","no","Z14.032.P","Inland","Outlet","Summer","2014","Halfmoon","Bottom","Particle"
"Z14.033.F","Inland","no","Z14.033.F","Inland","Inlet","Summer","2014","Cedar","Top","Free"
"Z14.033.P","Inland","no","Z14.033.P","Inland","Inlet","Summer","2014","Cedar","Top","Particle"
"Z14.034.F","Inland","no","Z14.034.F","Inland","Epi","Summer","2014","Cedar","Top","Free"
"Z14.034.P","Inland","no","Z14.034.P","Inland","Epi","Summer","2014","Cedar","Top","Particle"
"Z14.035.F","Inland","no","Z14.035.F","Inland","Hypo","Summer","2014","Cedar","Bottom","Free"
"Z14.035.P","Inland","no","Z14.035.P","Inland","Hypo","Summer","2014","Cedar","Bottom","Particle"
"Z14.036.F","Inland","no","Z14.036.F","Inland","Outlet","Summer","2014","Cedar","Bottom","Free"
"Z14.036.P","Inland","no","Z14.036.P","Inland","Outlet","Summer","2014","Cedar","Bottom","Particle"
"Z14.037.F","Inland","no","Z14.037.F","Inland","Inlet","Summer","2014","Sand","Top","Free"
"Z14.037.P","Inland","no","Z14.037.P","Inland","Inlet","Summer","2014","Sand","Top","Particle"
"Z14.038.F","Inland","no","Z14.038.F","Inland","Epi","Summer","2014","Sand","Top","Free"
"Z14.038.P","Inland","no","Z14.038.P","Inland","Epi","Summer","2014","Sand","Top","Particle"
"Z14.039.F","Inland","no","Z14.039.F","Inland","Hypo","Summer","2014","Sand","Bottom","Free"
"Z14.039.P","Inland","no","Z14.039.P","Inland","Hypo","Summer","2014","Sand","Bottom","Particle"
"Z14.040.F","Inland","no","Z14.040.F","Inland","Outlet","Summer","2014","Sand","Bottom","Free"
"Z14.040.P","Inland","no","Z14.040.P","Inland","Outlet","Summer","2014","Sand","Bottom","Particle"
"Z14.041.F","Inland","no","Z14.041.F","Inland","Inlet","Summer","2014","Whitmore","Top","Free"
"Z14.041.P","Inland","no","Z14.041.P","Inland","Inlet","Summer","2014","Whitmore","Top","Particle"
"Z14.042.F","Inland","no","Z14.042.F","Inland","Epi","Summer","2014","Whitmore","Top","Free"
"Z14.042.P","Inland","no","Z14.042.P","Inland","Epi","Summer","2014","Whitmore","Top","Particle"
"Z14.043.F","Inland","no","Z14.043.F","Inland","Hypo","Summer","2014","Whitmore","Bottom","Free"
"Z14.043.P","Inland","no","Z14.043.P","Inland","Hypo","Summer","2014","Whitmore","Bottom","Particle"
"Z14.044.F","Inland","no","Z14.044.F","Inland","Outlet","Summer","2014","Whitmore","Bottom","Free"
"Z14.044.P","Inland","no","Z14.044.P","Inland","Outlet","Summer","2014","Whitmore","Bottom","Particle"
"Z14.045.F","Inland","no","Z14.045.F","Inland","Inlet","Summer","2014","Independence","Top","Free"
"Z14.045.P","Inland","no","Z14.045.P","Inland","Inlet","Summer","2014","Independence","Top","Particle"
"Z14.046.F","Inland","no","Z14.046.F","Inland","Epi","Summer","2014","Independence","Top","Free"
"Z14.046.P","Inland","no","Z14.046.P","Inland","Epi","Summer","2014","Independence","Top","Particle"
"Z14.047.F","Inland","no","Z14.047.F","Inland","Hypo","Summer","2014","Independence","Bottom","Free"
"Z14.047.P","Inland","no","Z14.047.P","Inland","Hypo","Summer","2014","Independence","Bottom","Particle"
"Z14.048.F","Inland","no","Z14.048.F","Inland","Outlet","Summer","2014","Independence","Bottom","Free"
"Z14.048.P","Inland","no","Z14.048.P","Inland","Outlet","Summer","2014","Independence","Bottom","Particle"
"Z14.049.F","Inland","no","Z14.049.F","Inland","Epi","Fall","2014","North","Top","Free"
"Z14.049.P","Inland","no","Z14.049.P","Inland","Epi","Fall","2014","North","Top","Particle"
"Z14.050.F","Inland","no","Z14.050.F","Inland","Epi","Fall","2014","North","Top","Free"
"Z14.050.P","Inland","no","Z14.050.P","Inland","Epi","Fall","2014","North","Top","Particle"
"Z14.051.F","Inland","no","Z14.051.F","Inland","Hypo","Fall","2014","North","Bottom","Free"
"Z14.051.P","Inland","no","Z14.051.P","Inland","Hypo","Fall","2014","North","Bottom","Particle"
"Z14.052.F","Inland","no","Z14.052.F","Inland","Hypo","Fall","2014","North","Bottom","Free"
"Z14.052.P","Inland","no","Z14.052.P","Inland","Hypo","Fall","2014","North","Bottom","Particle"
"Z14.053.F","Inland","no","Z14.053.F","Inland","Epi","Fall","2014","Bruin","Top","Free"
"Z14.053.P","Inland","no","Z14.053.P","Inland","Epi","Fall","2014","Bruin","Top","Particle"
"Z14.054.F","Inland","no","Z14.054.F","Inland","Epi","Fall","2014","Bruin","Top","Free"
"Z14.054.P","Inland","no","Z14.054.P","Inland","Epi","Fall","2014","Bruin","Top","Particle"
"Z14.055.F","Inland","no","Z14.055.F","Inland","Hypo","Fall","2014","Bruin","Bottom","Free"
"Z14.055.P","Inland","no","Z14.055.P","Inland","Hypo","Fall","2014","Bruin","Bottom","Particle"
"Z14.056.F","Inland","no","Z14.056.F","Inland","Hypo","Fall","2014","Bruin","Bottom","Free"
"Z14.056.P","Inland","no","Z14.056.P","Inland","Hypo","Fall","2014","Bruin","Bottom","Particle"
"Z14.057.F","Inland","no","Z14.057.F","Inland","Epi","Fall","2014","Whitmore","Top","Free"
"Z14.057.P","Inland","no","Z14.057.P","Inland","Epi","Fall","2014","Whitmore","Top","Particle"
"Z14.058.F","Inland","no","Z14.058.F","Inland","Epi","Fall","2014","Whitmore","Top","Free"
"Z14.058.P","Inland","no","Z14.058.P","Inland","Epi","Fall","2014","Whitmore","Top","Particle"
"Z14.059.F","Inland","no","Z14.059.F","Inland","Hypo","Fall","2014","Whitmore","Bottom","Free"
"Z14.059.P","Inland","no","Z14.059.P","Inland","Hypo","Fall","2014","Whitmore","Bottom","Particle"
"Z14.060.F","Inland","no","Z14.060.F","Inland","Hypo","Fall","2014","Whitmore","Bottom","Free"
"Z14.060.P","Inland","no","Z14.060.P","Inland","Hypo","Fall","2014","Whitmore","Bottom","Particle"
"Z14.061.F","Inland","no","Z14.061.F","Inland","Epi","Fall","2014","Independence","Top","Free"
"Z14.061.P","Inland","no","Z14.061.P","Inland","Epi","Fall","2014","Independence","Top","Particle"
"Z14.062.F","Inland","no","Z14.062.F","Inland","Epi","Fall","2014","Independence","Top","Free"
"Z14.062.P","Inland","no","Z14.062.P","Inland","Epi","Fall","2014","Independence","Top","Particle"
"Z14.063.F","Inland","no","Z14.063.F","Inland","Hypo","Fall","2014","Independence","Bottom","Free"
"Z14.063.P","Inland","no","Z14.063.P","Inland","Hypo","Fall","2014","Independence","Bottom","Particle"
"Z14.064.F","Inland","no","Z14.064.F","Inland","Hypo","Fall","2014","Independence","Bottom","Free"
"Z14.064.P","Inland","no","Z14.064.P","Inland","Hypo","Fall","2014","Independence","Bottom","Particle"
"Z15.065.F","Inland","no","Z15.065.F","Inland","Epi","Spring","2015","North","Top","Free"
"Z15.065.P","Inland","no","Z15.065.P","Inland","Epi","Spring","2015","North","Top","Particle"
"Z15.066.F","Inland","no","Z15.066.F","Inland","Hypo","Spring","2015","North","Bottom","Free"
"Z15.066.P","Inland","no","Z15.066.P","Inland","Hypo","Spring","2015","North","Bottom","Particle"
"Z15.067.F","Inland","no","Z15.067.F","Inland","Hypo","Spring","2015","North","Bottom","Free"
"Z15.067.P","Inland","no","Z15.067.P","Inland","Hypo","Spring","2015","North","Bottom","Particle"
"Z15.068.F","Inland","no","Z15.068.F","Inland","Epi","Spring","2015","Bruin","Top","Free"
"Z15.068.P","Inland","no","Z15.068.P","Inland","Epi","Spring","2015","Bruin","Top","Particle"
"Z15.069.F","Inland","no","Z15.069.F","Inland","Epi","Spring","2015","Bruin","Top","Free"
"Z15.069.P","Inland","no","Z15.069.P","Inland","Epi","Spring","2015","Bruin","Top","Particle"
"Z15.070.F","Inland","no","Z15.070.F","Inland","Hypo","Spring","2015","Bruin","Bottom","Free"
"Z15.070.P","Inland","no","Z15.070.P","Inland","Hypo","Spring","2015","Bruin","Bottom","Particle"
"Z15.071.F","Inland","no","Z15.071.F","Inland","Hypo","Spring","2015","Bruin","Bottom","Free"
"Z15.071.P","Inland","no","Z15.071.P","Inland","Hypo","Spring","2015","Bruin","Bottom","Particle"
"Z15.072.F","Inland","no","Z15.072.F","Inland","Epi","Spring","2015","North","Top","Free"
"Z15.072.P","Inland","no","Z15.072.P","Inland","Epi","Spring","2015","North","Top","Particle"
"Z15.073.F","Inland","no","Z15.073.F","Inland","Epi","Spring","2015","Whitmore","Top","Free"
"Z15.073.P","Inland","no","Z15.073.P","Inland","Epi","Spring","2015","Whitmore","Top","Particle"
"Z15.074.F","Inland","no","Z15.074.F","Inland","Epi","Spring","2015","Whitmore","Top","Free"
"Z15.074.P","Inland","no","Z15.074.P","Inland","Epi","Spring","2015","Whitmore","Top","Particle"
"Z15.075.F","Inland","no","Z15.075.F","Inland","Hypo","Spring","2015","Whitmore","Bottom","Free"
"Z15.075.P","Inland","no","Z15.075.P","Inland","Hypo","Spring","2015","Whitmore","Bottom","Particle"
"Z15.076.F","Inland","no","Z15.076.F","Inland","Hypo","Spring","2015","Whitmore","Bottom","Free"
"Z15.076.P","Inland","no","Z15.076.P","Inland","Hypo","Spring","2015","Whitmore","Bottom","Particle"
"Z15.077.F","Inland","no","Z15.077.F","Inland","Epi","Spring","2015","Independence","Top","Free"
"Z15.077.P","Inland","no","Z15.077.P","Inland","Epi","Spring","2015","Independence","Top","Particle"
"Z15.078.F","Inland","no","Z15.078.F","Inland","Epi","Spring","2015","Independence","Top","Free"
"Z15.078.P","Inland","no","Z15.078.P","Inland","Epi","Spring","2015","Independence","Top","Particle"
"Z15.079.F","Inland","no","Z15.079.F","Inland","Hypo","Spring","2015","Independence","Bottom","Free"
"Z15.079.P","Inland","no","Z15.079.P","Inland","Hypo","Spring","2015","Independence","Bottom","Particle"
"Z15.080.F","Inland","no","Z15.080.F","Inland","Hypo","Spring","2015","Independence","Bottom","Free"
"Z15.080.P","Inland","no","Z15.080.P","Inland","Hypo","Spring","2015","Independence","Bottom","Particle"
"Sp12.BD.TB10SD","ThunderBay","no","Sp12.BD.TB10SD","Laurentian","TB10SD","Spring","2012","Huron","Top","Free"
"Sp12.BD.TB10SN","ThunderBay","no","Sp12.BD.TB10SN","Laurentian","TB10SN","Spring","2012","Huron","Top","Free"
"Sp12.BD.TB82DN","ThunderBay","no","Sp12.BD.TB82DN","Laurentian","TB82DN","Spring","2012","Huron","Deep","Free"
"Sp12.BD.TB82SN","ThunderBay","no","Sp12.BD.TB82SN","Laurentian","TB82SN","Spring","2012","Huron","Top","Free"
"Sp12.BcD.TB10SD","ThunderBay","no","Sp12.BcD.TB10SD","Laurentian","TB10SD","Spring","2012","Huron","Top","cFree"
"Sp12.BcD.TB10SN","ThunderBay","no","Sp12.BcD.TB10SN","Laurentian","TB10SN","Spring","2012","Huron","Top","cFree"
"Sp12.BcD.TB82DN","ThunderBay","no","Sp12.BcD.TB82DN","Laurentian","TB82DN","Spring","2012","Huron","Deep","cFree"
"Sp12.BcD.TB82SN","ThunderBay","no","Sp12.BcD.TB82SN","Laurentian","TB82SN","Spring","2012","Huron","Top","cFree"
"Sp12.ED.TB10SD","ThunderBay","no","Sp12.ED.TB10SD","Laurentian","TB10SD","Spring","2012","Huron","Top","Particle"
"Sp12.ED.TB10SN","ThunderBay","no","Sp12.ED.TB10SN","Laurentian","TB10SN","Spring","2012","Huron","Top","Particle"
"Sp12.ED.TB82DN","ThunderBay","no","Sp12.ED.TB82DN","Laurentian","TB82DN","Spring","2012","Huron","Deep","Particle"
"Sp12.ED.TB82SN","ThunderBay","no","Sp12.ED.TB82SN","Laurentian","TB82SN","Spring","2012","Huron","Top","Particle"
"Su12.BD.TB18DN","ThunderBay","no","Su12.BD.TB18DN","Laurentian","TB18DN","Summer","2012","Huron","Deep","Free"
"Su12.BD.TB46SN","ThunderBay","no","Su12.BD.TB46SN","Laurentian","TB46SN","Summer","2012","Huron","Top","Free"
"Su12.BcD.TB18DN","ThunderBay","no","Su12.BcD.TB18DN","Laurentian","TB18DN","Summer","2012","Huron","Deep","cFree"
"Su12.BcD.TB46SN","ThunderBay","no","Su12.BcD.TB46SN","Laurentian","TB46SN","Summer","2012","Huron","Top","cFree"
"Su12.BcD.TB82SN","ThunderBay","no","Su12.BcD.TB82SN","Laurentian","TB82SN","Summer","2012","Huron","Top","cFree"
"Su12.ED.TB18DN","ThunderBay","no","Su12.ED.TB18DN","Laurentian","TB18DN","Summer","2012","Huron","Deep","Particle"
"Su12.ED.TB46SN","ThunderBay","no","Su12.ED.TB46SN","Laurentian","TB46SN","Summer","2012","Huron","Top","Particle"
"Su12.ED.TB82SN","ThunderBay","no","Su12.ED.TB82SN","Laurentian","TB82SN","Summer","2012","Huron","Top","Particle"
"Mock4",NA,"yes",NA,NA,NA,NA,NA,NA,NA,NA
"Mock_S96",NA,"yes",NA,NA,NA,NA,NA,NA,NA,NA
"Mus.Control",NA,"yes",NA,NA,NA,NA,NA,NA,NA,NA
"Negative4",NA,"yes",NA,NA,NA,NA,NA,NA,NA,NA
"Sed.Control",NA,"yes",NA,NA,NA,NA,NA,NA,NA,NA
"Water_S84",NA,"yes",NA,NA,NA,NA,NA,NA,NA,NA
"Z14.C1","Inland","yes",NA,NA,NA,NA,NA,NA,NA,NA
"Z14.C2","Inland","yes",NA,NA,NA,NA,NA,NA,NA,NA
"Z14.C3","Inland","yes",NA,NA,NA,NA,NA,NA,NA,NA
"Z14.C4","Inland","yes",NA,NA,NA,NA,NA,NA,NA,NA
"Z15.PBS1","Inland","yes",NA,NA,NA,NA,NA,NA,NA,NA
"Z15.PBS2","Inland","yes",NA,NA,NA,NA,NA,NA,NA,NA
"mockA03032015",NA,"yes",NA,NA,NA,NA,NA,NA,NA,NA
"mockB03032015",NA,"yes",NA,NA,NA,NA,NA,NA,NA,NA
"mockC.05082015",NA,"yes",NA,NA,NA,NA,NA,NA,NA,NA
"mockC03032015",NA,"yes",NA,NA,NA,NA,NA,NA,NA,NA
"negA03032015",NA,"yes",NA,NA,NA,NA,NA,NA,NA,NA
"negB03032015",NA,"yes",NA,NA,NA,NA,NA,NA,NA,NA
"negC03032015",NA,"yes",NA,NA,NA,NA,NA,NA,NA,NA
"waterD.05082015",NA,"yes",NA,NA,NA,NA,NA,NA,NA,NA
